{
    "name": "Aliena",
    "shape_keys": {
        "Basis": 0.0,
        "neck_big": 0.0,
        "neck_small": 0.30000001192092896,
        "upperarm_big": 0.0,
        "upperarm_small": 0.20000000298023224,
        "lowerarm_big": 0.0,
        "lowerarm_small": 0.20000000298023224,
        "hand_big": 0.0,
        "hand_small": 0.20000000298023224,
        "clavivle_big": 0.0,
        "clavicle_small": 0.5,
        "breasts_big": 0.4000000059604645,
        "breasts_small": 1.4901161415892261e-09,
        "breasts_lift": 0.10000000149011612,
        "breasts_fall": 0.0,
        "breasts_up": 0.0,
        "breasts_down": 0.30000001192092896,
        "breasts_cone_shaped": 0.0,
        "breasts_together": 0.30000001192092896,
        "breasts_rotation_out": 1.4901161415892261e-09,
        "breasts_rotation_in": 0.4000000059604645,
        "aerolare_big": 0.0,
        "aerolare_small": 0.7000000476837158,
        "nipple_out": 0.0,
        "nipple_in": 1.0,
        "ribcage_big": 0.0,
        "ribcage_narrow": 0.0,
        "back_curve_out": 0.0,
        "back_curve_in": 0.4000000059604645,
        "belly_flat": 0.30000001192092896,
        "belly_fat": 0.0,
        "waist_narrow": 0.20000000298023224,
        "waist_wide": 0.0,
        "hip_big": 0.10000000149011612,
        "hip_small": 0.4000000059604645,
        "butt_big": 0.20000001788139343,
        "butt_small": 0.0,
        "butt_lifted": 0.20000000298023224,
        "butt_sagging": 0.0,
        "thigh_big": 0.0,
        "thigh_small": 0.4000000059604645,
        "calf_big": 0.0,
        "calf_small": 0.30000001192092896,
        "foot_big": 0.0,
        "foot_small": 0.10000000149011612,
        "jaw_big": 0.0,
        "jaw_small": 0.20000001788139343,
        "jaw_round": 0.4000000059604645,
        "jaw_sharp": 0.9000000953674316,
        "chin_forward": 0.20000000298023224,
        "chin_recessed": 0.0,
        "cheekbones_high": 0.5,
        "cheekbones_low": 0.0,
        "nose_long": 0.20000000298023224,
        "nose_short": 0.4000000059604645,
        "nose_wide": 1.639127766850379e-08,
        "nose_narrow": 0.4000000059604645,
        "forehead_big": 0.20000000298023224,
        "forehead_small": 1.4901161415892261e-09,
        "lips_thick": 0.10000001639127731,
        "lips_thin": 0.5,
        "mouth_wide": 1.4901161415892261e-09,
        "mouth_narrow": 1.639127766850379e-08,
        "ears_big": 0.10000000149011612,
        "ears_small": 0.0,
        "ears_up": 0.30000001192092896,
        "ears_down": 0.0,
        "eyebrow_head_big": 0.0,
        "eyebrow_head_small": 0.30000001192092896,
        "eyebrow_body_big": 0.0,
        "eyebrow_body_small": 0.5,
        "eyedrow_tail_big": 0.0,
        "eyebrow_tail_small": 0.5,
        "eyebrow_body_curve": 0.0,
        "eyebrow_same": 0.4000000059604645
    },
    "properties": {
        "brow_hue": 0.24999995529651642,
        "brow_sat": 0.4499998092651367,
        "brow_val": 1.0,
        "eyebrows_hue": 0.5,
        "eyebrows_sat": 1.0,
        "eyebrows_val": 1.0,
        "hair_hue": 0.5,
        "hair_sat": 1.0,
        "hair_val": 1.0,
        "iris_hue": 0.3999999761581421,
        "iris_sat": 0.8999999761581421,
        "iris_val": 0.9499999284744263,
        "skin_hue": 0.09999996423721313,
        "skin_sat": 1.0499999523162842,
        "skin_val": 1.0499999523162842
    },
    "blend_files": {
        "eyebrows": "",
        "hair": "long01.blend",
        "pants": "",
        "shoes": "",
        "torso_up": "red_catsuit.blend"
    }
}