{
    "name": "Victoria",
    "shape_keys": {
        "Basis": 0.0,
        "neck_big": 0.0,
        "neck_small": 0.20000000298023224,
        "upperarm_big": 0.0,
        "upperarm_small": 0.10000000149011612,
        "lowerarm_big": 0.0,
        "lowerarm_small": 0.10000000149011612,
        "hand_big": 0.0,
        "hand_small": 0.0,
        "clavivle_big": 0.0,
        "clavicle_small": 0.20000000298023224,
        "breasts_big": 0.20000000298023224,
        "breasts_small": 1.4901161415892261e-09,
        "breasts_lift": 1.4901161415892261e-09,
        "breasts_fall": 0.10000000149011612,
        "breasts_up": 0.10000000149011612,
        "breasts_down": 0.0,
        "breasts_cone_shaped": 0.10000000149011612,
        "breasts_together": 0.0,
        "breasts_rotation_out": 0.0,
        "breasts_rotation_in": 0.20000000298023224,
        "aerolare_big": 0.0,
        "aerolare_small": 0.30000001192092896,
        "nipple_out": 0.0,
        "nipple_in": 0.30000001192092896,
        "ribcage_big": 0.20000000298023224,
        "ribcage_narrow": 0.20000000298023224,
        "back_curve_out": 1.4901161415892261e-09,
        "back_curve_in": 0.10000000149011612,
        "belly_flat": 0.20000000298023224,
        "belly_fat": 0.0,
        "waist_narrow": 0.10000000149011612,
        "waist_wide": 1.4901161415892261e-09,
        "hip_big": 0.10000000149011612,
        "hip_small": 0.0,
        "butt_big": 0.10000000149011612,
        "butt_small": 0.0,
        "butt_lifted": 0.0,
        "butt_sagging": 0.0,
        "thigh_big": 0.0,
        "thigh_small": 0.0,
        "calf_big": 0.0,
        "calf_small": 0.0,
        "foot_big": 0.0,
        "foot_small": 0.0,
        "jaw_big": 0.0,
        "jaw_small": 0.20000001788139343,
        "jaw_round": 0.0,
        "jaw_sharp": 0.30000001192092896,
        "chin_forward": 0.0,
        "chin_recessed": 0.0,
        "cheekbones_high": 0.30000001192092896,
        "cheekbones_low": 0.0,
        "nose_long": 0.10000000149011612,
        "nose_short": 1.4901161415892261e-09,
        "nose_wide": 0.0,
        "nose_narrow": 0.30000001192092896,
        "forehead_big": 0.0,
        "forehead_small": 0.0,
        "lips_thick": 0.30000001192092896,
        "lips_thin": 0.4000000059604645,
        "mouth_wide": 0.0,
        "mouth_narrow": 0.20000001788139343,
        "ears_big": 0.0,
        "ears_small": 0.0,
        "ears_up": 0.0,
        "ears_down": 0.0,
        "eyebrow_head_big": 0.10000000149011612,
        "eyebrow_head_small": 0.0,
        "eyebrow_body_big": 0.0,
        "eyebrow_body_small": 0.4000000059604645,
        "eyedrow_tail_big": 0.0,
        "eyebrow_tail_small": 0.6000000238418579,
        "eyebrow_body_curve": 0.20000000298023224,
        "eyebrow_same": 0.0
    },
    "properties": {
        "brow_hue": 0.44999998807907104,
        "brow_sat": 1.0499999523162842,
        "brow_val": 0.1999998390674591,
        "eyebrows_hue": 0.5,
        "eyebrows_sat": 1.0,
        "eyebrows_val": 1.0,
        "hair_hue": 0.5,
        "hair_sat": 1.0,
        "hair_val": 1.0,
        "iris_hue": 0.7500000596046448,
        "iris_sat": 0.9999999403953552,
        "iris_val": 0.7499999403953552,
        "skin_hue": 0.5,
        "skin_sat": 0.8999999761581421,
        "skin_val": 0.8999999165534973
    },
    "blend_files": {
        "eyebrows": "",
        "hair": "braid.blend",
        "pants": "pink_panties.blend",
        "shoes": "",
        "torso_up": "pink_brassier.blend"
    }
}