{
    "name": "Victor",
    "shape_keys": {
        "Basis": 0.0,
        "eyes_big": 0.0,
        "eyes_small": 0.10000000149011612,
        "eyes_together": 0.20000000298023224,
        "eyes_separated": 0.0,
        "eyes_rotate_in": 0.0,
        "eyes_rotate_out": 0.0,
        "eyes_open": 0.30000001192092896,
        "eyes_closed": 0.0,
        "ears_big": 0.0,
        "ears_small": 0.0,
        "ears_pointy": 0.0,
        "nose_long": 0.20000000298023224,
        "nose_short": 1.4901161415892261e-09,
        "nose_head_big": 0.0,
        "nose_heah_small": 0.0,
        "nose_head_pointy": 0.10000000149011612,
        "nose_out": 0.0,
        "nose_in": 0.0,
        "nose_thick": 0.0,
        "nose_thin": 0.7000000476837158,
        "cheekbones_big": 0.0,
        "cheekbones_small": 0.9000000953674316,
        "cheeks_big": 0.0,
        "cheeks_small": 0.5,
        "lips_wider": 0.0,
        "lips_narrow": 0.0,
        "lips_up": 0.20000000298023224,
        "lips_down": 0.20000000298023224,
        "lips_big": 0.0,
        "lips_flat": 0.10000000149011612,
        "chin_big": 0.10000000149011612,
        "chin_small": 0.0,
        "head_shape_long": 0.10000000149011612,
        "head_shape_round": 0.0,
        "head_shape_square": 0.20000001788139343,
        "head_shape_heart": 0.0,
        "head_shape_diamond": 0.30000001192092896,
        "neck_big": 0.0,
        "neck_small": 0.20000000298023224,
        "upperarms_big": 0.10000000149011612,
        "upperarms_small": 0.0,
        "lowerarms_big": 0.10000000149011612,
        "lowerarms_small": 0.0,
        "hands_big": 0.0,
        "hands_small": 0.0,
        "torso_big": 0.10000000149011612,
        "torso_small": 0.0,
        "belly_big": 0.0,
        "belly_small": 0.10000000149011612,
        "hips_big": 0.0,
        "hips_small": 0.0,
        "ass_big": 0.0,
        "ass_small": 0.0,
        "thighs_big": 0.0,
        "thighs_small": 0.0,
        "calves_big": 0.10000000149011612,
        "calves_small": 0.0,
        "feet_big": 0.0,
        "feet_small": 0.0,
        "adams_apple_big": 0.20000000298023224,
        "adams_apple_small": 0.0,
        "face_shape_asian": 0.0,
        "face_shape_ebony": 0.0,
        "nipples_big": 0.0,
        "eyebrow_head_big": 0.0,
        "eyebrow_head_small": 0.0,
        "eyebrow_body_big": 0.0,
        "eyebrow_body_small": 0.30000001192092896,
        "eyedrow_tail_big": 0.0,
        "eyebrow_tail_small": 0.6000000238418579,
        "eyebrow_body_curve": 1.4901161415892261e-09,
        "eyebrow_same": 0.0
    },
    "properties": {
        "brow_hue": 0.5,
        "brow_sat": 1.0,
        "brow_val": 1.0,
        "eyebrows_hue": 0.5,
        "eyebrows_sat": 1.0,
        "eyebrows_val": 1.0,
        "hair_hue": 0.5,
        "hair_sat": 1.0,
        "hair_val": 1.0,
        "iris_hue": 0.09999996423721313,
        "iris_sat": 0.6499999165534973,
        "iris_val": 1.0499999523162842,
        "skin_hue": 0.5,
        "skin_sat": 0.8499999642372131,
        "skin_val": 1.0
    },
    "blend_files": {
        "eyebrows": "",
        "hair": "short_brown.blend",
        "pants": "Male_Fitness_Pants.blend",
        "shoes": "black_sneakers.blend",
        "torso_up": "White_T-shirt.blend"
    }
}